Title,Link,Confidence
"Telstra, Accenture Forge Global AI Joint Venture","https://news.google.com/read/CBMipAFBVV95cUxQX1psTkMwbnVTUlctSkxnQ1lCYlVROXZTcXNnRU5EU0traGpqdTlTLXNwOUhLcHBTdFdXQmxZelJFZUVveHBCZWFHQTczRXUxaHROMURfZy1uOVZFUnVXbkVPX2JfNUVVUy13aHVxaGtRTmxBLVpFYkdVX1RLZERQWm40TWVYSk9VMEwxaVhaNnFldWRzR2dPQVdRQ2pXbWVOUlU1Qg?hl=en-IN&gl=IN&ceid=IN%3Aen",1
"Mangata Networks enters strategic partnership with Avanade to co-develop global Microsoft AI-enabled edge-to-cloud services with satellite connectivity – TECHNOLOGY RESELLER","https://news.google.com/read/CBMijwJBVV95cUxPNmlBanRMeTFjQ1dTVGJxQk5pV1gwM1VoU1ZGWDlhVDNNXzFuZVB4MFdWNHA5ZDhoRUIzSXNvR0VoYUJXUDExS3h2cUZQcV9HdkJvMWVZMmxKbjhfb2FibXdGZlpXZjBlWE5zcHlwc2dGcVgtbEVpcmFEcUtCSTdER0FIS3dsTWtBbC1XWlpXY3NBRm9qczBNRFdpbUJ3Vm13Q0cyZzdaeDJRNlN0ZThwLTd5N3NYdy1qMkFSODVMcEQtT1lTN1lmVUw5VGQ0bGUxRDlLWkdoakN3VWFBeEMtczlncTZfMG9yOGkxcUFQd1FFdm1lRnB1Ui14dGVGM1d0MHRTNk8tMkhPZTNiTWhj?hl=en-IN&gl=IN&ceid=IN%3Aen",1
"Virgin Media O2 Partners with Accenture to Enhance ... - Accenture Newsroom","https://newsroom.accenture.com/news/2024/virgin-media-o2-partners-with-accenture-to-enhance-private-5g-solutions-for-uk-businesses-tapping-into-estimated-half-a-billion-pound-uk-market",0.95
"Virgin Media O2 Partners with Accenture to Enhance Private 5G Solutions ...","https://news.virginmediao2.co.uk/virgin-media-o2-partners-with-accenture-to-enhance-private-5g-solutions-for-uk-businesses-tapping-into-estimated-half-a-billion-pound-uk-market/",0.95
"Virgin Media O2 partners with Accenture to enhance Mobile Private ...","https://www.libertyglobal.com/virgin-media-o2-partners-with-accenture-to-enhance-mobile-private-network-solutions-for-uk-businesses/",0.95
"Virgin Media O2, Accenture partner to pursue private 5G","https://www.rcrwireless.com/20240509/featured/virgin-media-o2-accenture-partner-boost-private-5g-solutions",0.95
"Accenture : Virgin Media O2 Partners with Accenture to Enhance Private ...","https://www.marketscreener.com/quote/stock/ACCENTURE-PLC-11521/news/Accenture-Virgin-Media-O2-Partners-with-Accenture-to-Enhance-Private-5G-Solutions-for-UK-Businesse-46665750/",0.95
"Virgin Media O2 Partners with Accenture to Enhance ... - Business Wire","https://www.businesswire.com/news/home/20240508314232/en/Virgin-Media-O2-Partners-with-Accenture-to-Enhance-Private-5G-Solutions-for-UK-Businesses-Tapping-into-Estimated-Half-a-Billion-Pound-UK-Market",0.95
"Virgin Media O2 Partners with Accenture to Enhance Private 5G Solutions for UK Businesses, Tapping into Estimated Half a Billion Pound UK Market","https://news.google.com/read/CBMiiAJBVV95cUxOUGRLekwzUnVfUHdicXc0dFRudTVzZ0Q4OTVfTVlreDdYOVdnSVRQWnpxUEM0WTk0aE5ZbDQweUZqdi1jM21sYzV1dmFYUWtobjF0aFlXN29IbzJZZ0JNQ3h3aG4wVGtaZkI5UXdFR1R2QzV3SW9Ybl9lMTV3aVlDYnV1WnUtS20yemZfcVBMcHJteDNzTDVvUWYwckx1MTR4QXEtUTg3V1VFTmo4cmpObHEybHlJZGY0WG9ZRkNJUGVUbzZGWWdvNktId0dBdGZuTUFJdXhnSU00VVN4X0Q3NmRfbVhxMkxkaG1GT01Td242MktGRkd3OWM1a2I2d1hUQmZHZXdULWg?hl=en-IN&gl=IN&ceid=IN%3Aen",0.95
"Virgin Media O2 partners with Accenture to enhance Mobile Private Network solutions for UK businesses","https://news.google.com/read/CBMizAFBVV95cUxPNWNrUlZFNlN2Z1BYLUpLT0d4NXdxUnBiSkJzRUhfSFg3UFpZQVg3cFNfQnJVTElBNDRhUko2Ql83ZW9heTI1VDAyQkQ1WXBFZ0w4YjBSYnV2cnlnRV92S3hJVUZxcWNiVlItM2Z4R1VVMFJsNFVZYXN6UEgzRmQ4a2hkU2NjbUNmNnVKQWZWV0FxUmxwa2hjUm9FYXV5cXpJRXNQMVM5dGxPTWlzS2VaS1ZrQVpjRUM5ZGpjMnJMWkJkUXNZTi1HODNNYi0?hl=en-IN&gl=IN&ceid=IN%3Aen",0.95
"Liberty Global joins forces with AWS to develop Network-as-a-Service","https://news.google.com/read/CBMioAFBVV95cUxPQl9MRnRsY28wU2tUXzdzckdRMGt2dE1HSXpSUnJuY2FZVXdHSXZscHdUYVhCTEFWa0JWRDZUb1BvRk8zdUczR0NJT25mQzM1UVdsUEx6V0c2RHZUc0d2V3BvZ2hXTi0yOWt3ZjFTdW5UUlRtSVg1WV9tS0R2MmJxWk5TeDZxWGxIcDBzM08xbHltUERkVWt4MkdRNUFEcERp?hl=en-IN&gl=IN&ceid=IN%3Aen",0.95
"British telecommunications giants join forces to tackle industry emissions","https://news.google.com/read/CBMinAFBVV95cUxPZzVmYTZ4MmNDWENqSU5LUUVqdnZFUWVIcGZRNjJnT3R2UDJ5YUdTU2paS1ItdWlkbmpxamkxZTAwN0NGVGtDcWEwVDFMUmU3V096SlBRb2s0V1pTSHNTVW1Ia3VzYVV6TWgwSkE1MmtqSmJnZ3dnZGpoQjFKWWxJN1l6elotWEdpRkNUeUJLSGoycUQ1SDlVOHNQOGLSAagBQVVfeXFMTU1CNUFtSTZmaGNZLXJLTWpGYVhkdGpYTGdzNl9fcHNtRkFGRnV2MkRDOEJVcGdMd1JhY2RYR20tX0RpM1QxMmhFZE94a1hmOTlZVU5Ib0hXLVJRNzRmU0Q5cDN0SFJmZnlaSzlFRTdmSmVoQjRIWUdaYW5CbzFydElwaDVyZm13VXBQWHh6aHg1akwzajdKYVRDRTNvbEkzSFljTmIyX2Yy?hl=en-IN&gl=IN&ceid=IN%3Aen",0.95
"Virgin Media O2 Partners with Accenture to Enhance ...","https://newsroom.accenture.com/news/2024/virgin-media-o2-partners-with-accenture-to-enhance-private-5g-solutions-for-uk-businesses-tapping-into-estimated-half-a-billion-pound-uk-market",0.95
"Virgin Media O2 Partners with Accenture to Enhance ...","https://news.virginmediao2.co.uk/virgin-media-o2-partners-with-accenture-to-enhance-private-5g-solutions-for-uk-businesses-tapping-into-estimated-half-a-billion-pound-uk-market/",0.95
"Virgin Media O2 partners with Accenture to enhance ...","https://www.libertyglobal.com/virgin-media-o2-partners-with-accenture-to-enhance-mobile-private-network-solutions-for-uk-businesses/",0.95
"Virgin Media O2, Accenture partner to pursue private 5G","https://www.rcrwireless.com/20240509/featured/virgin-media-o2-accenture-partner-boost-private-5g-solutions",0.95
"Virgin Media and Accenture: Model partnership enhances procu","https://contentree.azurewebsites.net/caseStudy/virgin-media-and-accenture-model-partnership-enhances-procurement-efficiency_91461",0.95
"VMO2 and Accenture join forces t...","https://www.mobilenewscwp.co.uk/News/article/vm02-accenture-join-forces-develop-apps-enterprise-5g-private-network-sector",0.95
"Accenture: Delivering Telco Excellence as Partner to VMO2","https://aimagazine.com/articles/accenture-delivering-telco-excellence-as-partner-to-vmo2",0.9
"Virgin Media O2 & Accenture Harness Mobile Private Network","https://mobile-magazine.com/telecommunications/virgin-media-o2-accenture-harness-mobile-private-network",0.9
"Accenture: Delivering Telco Excellence as Partner to VMO2","https://news.google.com/read/CBMinAFBVV95cUxQel9kN3NpeUtpeXBocGRFc2NNal9pSUtsQU9teTNZX21CMk1KUlZuSHA5SzZiMUNxNkNDd0t4bTJISlMwN2c2ZHA1RU1QcVAtSGU3QjBEelByOXlpQjVkY1JLTURWV2wzR1FFNTk3aW94N3lZenNDUzN6Z1R0aU5VY0oydWtuVWFha2hyd2ZpYWxyZ2M5OG9wYW12YTY?hl=en-IN&gl=IN&ceid=IN%3Aen",0.9
"VMO2 teams up with Accenture for UK private 5G push","https://news.google.com/read/CBMiigFBVV95cUxOYkthdlA0aHNJX0libVo4VC1ac0tCNkVaSERQN0VWbUF6ZG5GSmJPVkpQUjg0MTc1R2dGYUpvX0QydXMxRll2LUNUVVZ3SkZwY09lOXR3UzBiNVpFb1BKZVNQWVdoeWEzZGhJRVF1VkMyUlZId3J0RG5DdUw5cENUbDZRMzZFYVNQMFE?hl=en-IN&gl=IN&ceid=IN%3Aen",0.9
"Virgin Media O2 Boosts UK 5G Private Network Plans with Accenture","https://news.google.com/read/CBMitwFBVV95cUxNcC0zWkpuT2wyaXFuYUVvRjNSTk16ZmZFbWF2bHZyT1YtcEhwQVQ3YWVTb3Q0bFI2dHZDSHlxSEtGbVplSzljZkhKd2w3Q2tvV3Q0NWtuSEx2dURmR2t4ZGVoVVZ0WVNCWTdqdl92WWF3VVg2OXhRSkxVZ2RBOEV5dTd3a2NIUjZxdExLQktDWGxqRC10UFh0SFNxXzdwbnVFR3lDNmthSXBwT1ZFX0ozODNpbS15NE0?hl=en-IN&gl=IN&ceid=IN%3Aen",0.9
"SoftBank, KDDI expand collaboration to build 5G networks","https://news.google.com/read/CBMinwFBVV95cUxQVU83aGsweDF1U2kxV0J1aThVU0Nxd2Z1WXZlQzZsbFVzd2piUE95bE5CY0ZrS1BJQXVPRkxaNEg0bTk3TFBJV3JISVk2Z1BDbzBiTThUcGFLb05NeXR1ZXJzaUNkUHl0Ukp2aXdXcXhqNUJSTTdWVG0wREd4NmpkQ3ZlXzVuU3l2NW5hR2hkT3I2WjFZdmdMOWdNZDZoUzA?hl=en-IN&gl=IN&ceid=IN%3Aen",0.9
"Accenture Partners with spunout For New Equality Campaign","https://news.google.com/read/CBMilwFBVV95cUxOVkEyRUJwbEZiWlhkUnN0ZWtQdExLUGNSTXk2NEllR1FGMjlGUGg2YU1ya1hRVG1fLWJ1OUVsNnRzZUlhaGZqSnVSb2Rfczk1VVdFbDI0TFREX3VGM0pteW56eVktSHhqeUxOQmtsV281V29QTmIxTlBWMzdIVFEySDM1MHRVNWNFLThhWWVuSDlGb05ZUXp3?hl=en-IN&gl=IN&ceid=IN%3Aen",0.9
"Accenture: Delivering Telco Excellence as Partner to VMO2","https://technologymagazine.com/articles/accenture-delivering-telco-excellence-as-partner-to-vmo2",0.9
"Accenture UK | We partnered with @virginmedia on a ...","https://www.instagram.com/accenture_uk/reel/DFcbYcuPDbS/",0.9
"VMO2 enhances private 5G solutions with Accenture - Capacity Media","https://www.capacitymedia.com/article/2d7mbx2d0hg0y1jvgrl6o/news/vmo2-enhances-private-5g-solutions-with-accenture",0.75
"VMO2 enhances private 5G solutions with Accenture","https://news.google.com/read/CBMitAFBVV95cUxPWmFkRlhkZDVDZ1BrV0pBOXlGTmJfS3BfT21SQktTZjZ2V2FUX2Z2dDRCMVJSaU11OFZydjhoTC1TbFdRVVZxaXp0bkFRLURPR01GME9PVTMtb1Zzem9tcFVGMzBkNEtLVUhocU5CMU96M1dINTV1clExYnVFMG45TjRIOXQ2WnJsUzNkd1R1WGs3WEVvYUdqUElrTVY5ZDd1a2tydnB6V1pWSHFobG5LeUQ0TVk?hl=en-IN&gl=IN&ceid=IN%3Aen",0.75
"Purpose Awards EMEA 2024: Collaboration – Best Environmental Cause Campaign","https://news.google.com/read/CBMiwAFBVV95cUxOYXEtWjNoNUVXMGVtU2NVQXpjeHF0VkJXRm1rUTBSdDVRMHFxV3hmUUFUVEpLOU8wWVJ1OUlOLW5QUFJnNUNhNEVXcElEYlo1aHEzVFRyLXBJcjFfOFFTRzZJNXhNUl9aTTZGZzV3X0xMVG9ZUTVfa01RLWJzMEw4cXhPOU5ianB1ekxWS0x3M3RBMW9EUWVSaXZVREljcWF3eDBBdHFic3NXT1k3cm9zMGl1THlMbldudG1vUS1kZE4?hl=en-IN&gl=IN&ceid=IN%3Aen",0.7
"Transforming Customer Experiences with Digital Innovation - Accenture","https://www.accenture.com/us-en/case-studies/communications-media/vmo2",0.3
"VMO2 supercharges customer experiences","https://www.accenture.com/us-en/case-studies/communications-media/vmo2",0.3
"Virgin Media O2 private 5G network at Overbury Farm","https://news.google.com/read/CBMioAFBVV95cUxPeHFzUG9MTnVsMFRBU0Fjc1hNdEdWdHVjbDR6RXEzdXJzSDF3TkJ3Q0NjSlY2dld0SnBGcWs2ckoxbnNKenNCQjlpYkJKSHB5azdDS21zQXVUdURHMmRraEpkcEc3cFFLYjFVY0h3RFgzTjltMGpWTDF2OGhNYU80WmNLaGlJeG1YTWpaMFFBb3BvV1hsSUNNZUdmSkNzVTVa?hl=en-IN&gl=IN&ceid=IN%3Aen",0.1
"5G Takes Root: Virgin Media O2 Business kicks off Private Network trials at Worcestershire ‘Farm of the Future’","https://news.google.com/read/CBMiUkFVX3lxTE1jZkQ2bTNZaGE5ZVo1dGZVSG0zUmtzVl9sczNDNkwta3lYNFBzM2x6cE5FZHkwQ1hNN0g1eHNZeUZ5OUhqdkdObWRzWVFmY1htM2c?hl=en-IN&gl=IN&ceid=IN%3Aen",0.1
"Vikas Patel's Post","https://www.linkedin.com/posts/vikaskpatel_virgin-media-o2-partners-with-accenture-to-activity-7238093740299464704-8gEk",0.1
"Virgin Media O2 Business gets busy in public","https://news.google.com/read/CBMiggFBVV95cUxPMjBUR1JkRmFGbkNEVWh5MXJqYUhDV2dUR0tuOU40eS1IS1B5Z0dzYV91RlY0Qm0yZUtieUM1ZXR1TC1VUV8wejk1eERRUGR1RF9aMFBCVGtmMXVTXzJfal9faWNQTElPMk02VngyRXowYjRENmdrZkwyYkhvRFJNVWNn?hl=en-IN&gl=IN&ceid=IN%3Aen",0.05
"Over 200 million unused devices languishing in UK homes","https://news.google.com/read/CBMiswFBVV95cUxPVnhEdlo5OVdTUlZmOGtpM3BmeWk1SERic29GdC1MZmNKN0tWeWNydTc2cHdpVm4zLTdfT19lazM5aEhwRS0tZVpLX3BGU21DYVM3Z1cxR1duZnFtZXAxNnppYXROd1RVY1FqbVRkeV9EOVE2OVEyNEFBZFJLdFdEVktFYkYxSklNSm56MjUtcUVNa09RSVNNbXNtbmFzS3pjQ2V5Z0ZJQzl6U1hiV2UyY0FHbw?hl=en-IN&gl=IN&ceid=IN%3Aen",0
"Most influential women in UK tech: The 2024 longlist","https://news.google.com/read/CBMingFBVV95cUxQZUJiWWJMXzZwc244cFRGbjFsajQ5UlZhRHlSbGxWYVNZb3Rwckc5YkFsWjV1cFZrWlRITUNfM1FNRUZPcm80bGdrSUMtSzZsanhXdTl4RHRYWDlvNnAzcFZMSlNETlRKRThZMVRVU2lpN1lWS3BDa3FjZHRybXprNTZiUmRCeU5ENWRKOUU3eWRTbk1xQW9JQzI2bV9rUQ?hl=en-IN&gl=IN&ceid=IN%3Aen",0
"Energy and fearlessness: What makes Zoe Eagle a brilliant account person","https://news.google.com/read/CBMilgFBVV95cUxNamg3Z3lWdEQ0TEJlUk9VeldnSmZxMkwwc2dmWkp6RVp1X19udW1VbHd1SEVqb3pINzJKdGV3cWprWjhSMUduajc4dFVkOFBGVDZzc0o0djhUMnR3MDdsQ0ZneWZZQUZDZkU2UkJ0Q0Q0NWZNZDhXQkJnUHBfQVdmSmVRWkpoVlN4S2dvWjk2dVo5TTJoV3c?hl=en-IN&gl=IN&ceid=IN%3Aen",0
"How organizations can make their workplaces more inclusive for differently-abled people","https://news.google.com/read/CBMiiwJBVV95cUxNNV9lSnIzWDVJNlpDb25jRUdXWW1RcnJwVlV0QWE4ZXQ1blE4Rm5EcVBxeWNJdEZEVEx2ODd6MU9UREIxOV9hX2JtQWJvbDZMbDZ0eENNQ2hIQk1GRnhLYXNMVTFncklUaXh2VHpQQ0c0NUNyaktlTlJQMUdYSWFaTk1wV2FNU0h6VDlRT3ZzMnd0YndUVTNoTE9hNUdqc0F4T0lidjNwc3JlYnU1dWhVYWZadUpLNzFVMkF4VUgyelQtQjRRZWRqZjZXeFM3OVZmckJ1c0JCaVZ6N3o5M2lDejVSVVFub3pldnlSNVk0QXZmYUVscEthYUx5QU9rSi1kRWF3TXk5VW9xQzjSAZACQVVfeXFMUFdrQS1DaUpzUjVNMC1waDlyRWNvNV96Ukw2T2Q2NG9fYV93WnMydHpKeVRxaWwwclFjVl9YRE5LVmNqdjN1bjlWanl5YjRpWWFNZE1Eb3lGbzBzMXNaU2o1Z183TDBlSzRUU3JTcGtGYnh4dWVSYjN5NmFsNEVjVlRKTFhvX0pxSTVLM1BkWFExOEdzQk1CU3pFRS1SX2ZsSTRNQy1VcHFIR3pOb2tIdXp4aEtnYmVzUlZUUGlQMTVrczBBYXJLU2ZIaDhYbFU3S18zRGN5YUg2bnNhU0J3M3dYWXBqLUFOWkg5WE9pQzNCNDljQjZsczd6OWRjd3U0SU84blZjcGpBdFJuVUt1MEE?hl=en-IN&gl=IN&ceid=IN%3Aen",0
"Most influential women in UK tech: The 2022 longlist","https://news.google.com/read/CBMingFBVV95cUxOVEhiUVdJUVVwX1YyaEItbnNRdkdWX0E5VVowYmtOZVU4NmZ5SHZPRDhwVm9TdkFYYl9VdkoxT3hWZkgyRHFfd2F6R1pFQ0tWNVh1c2hrbnZ3Q21QMUJkNUhJdXVPN3Z5ZlhZM3JZanktWE5xbzd0ZUZZSXpCZENuWlo2R1ZaUXBiSFhsSkNJOWE4TDBTaWJLVXFyZF9MZw?hl=en-IN&gl=IN&ceid=IN%3Aen",0
"UK Government invests £88m in Open RAN 5G research and development","https://news.google.com/read/CBMingFBVV95cUxPZld6RWFnR3JRSF9WOW9HRWtjRGNlWnlpMUxFNGF0NXhWalcwZElQTV95X0RyT2pHdUlTRG4xQjkyb0I0QTlxY3dTN05GWjJ5MlRZaVpoSGp0dG1LRlNBY0NmeUVlV1AwNUZGbUVoc25JZ2Y0VUhCWUswWUdPd3B4NGQ1QVFYSXR3eGxaQW1sUnBUcmJKdkxlQjNwTlMtUQ?hl=en-IN&gl=IN&ceid=IN%3Aen",0